{"errors":[],"warnings":[],"namedChunkGroups":{"app":{"chunks":[10,4],"assets":["webpack-runtime-c9700124212ef002840d.js","webpack-runtime-c9700124212ef002840d.js.map","app-c0bf0b4b41b9c96aa29d.js","app-c0bf0b4b41b9c96aa29d.js.map"],"children":{},"childAssets":{}},"component---src-templates-doc-template-tsx":{"chunks":[0,2,1,3,8],"assets":["0.714e789c58edc4d97d4f.css","0-87eb33d7a042393e76f7.js","0-87eb33d7a042393e76f7.js.map","2-9f47301a70b0c0f0511a.js","2-9f47301a70b0c0f0511a.js.map","1.44990cfafc43be6e7133.css","1-97778d6df977fb5ee04e.js","1-97778d6df977fb5ee04e.js.map","3-f6354e0fe7800a7d20f3.js","3-f6354e0fe7800a7d20f3.js.map","component---src-templates-doc-template-tsx-71fe8907bc4c4106664e.js","component---src-templates-doc-template-tsx-71fe8907bc4c4106664e.js.map"],"children":{},"childAssets":{}},"component---src-templates-example-template-tsx":{"chunks":[0,2,1,3,9],"assets":["0.714e789c58edc4d97d4f.css","0-87eb33d7a042393e76f7.js","0-87eb33d7a042393e76f7.js.map","2-9f47301a70b0c0f0511a.js","2-9f47301a70b0c0f0511a.js.map","1.44990cfafc43be6e7133.css","1-97778d6df977fb5ee04e.js","1-97778d6df977fb5ee04e.js.map","3-f6354e0fe7800a7d20f3.js","3-f6354e0fe7800a7d20f3.js.map","component---src-templates-example-template-tsx-75f7cc11bf191cdee121.js","component---src-templates-example-template-tsx-75f7cc11bf191cdee121.js.map"],"children":{},"childAssets":{}},"component---src-pages-404-tsx":{"chunks":[0,1,5],"assets":["0.714e789c58edc4d97d4f.css","0-87eb33d7a042393e76f7.js","0-87eb33d7a042393e76f7.js.map","1.44990cfafc43be6e7133.css","1-97778d6df977fb5ee04e.js","1-97778d6df977fb5ee04e.js.map","component---src-pages-404-tsx-c503eebde7836f16f907.js","component---src-pages-404-tsx-c503eebde7836f16f907.js.map"],"children":{},"childAssets":{}},"component---src-pages-docs-tsx":{"chunks":[0,1,6],"assets":["0.714e789c58edc4d97d4f.css","0-87eb33d7a042393e76f7.js","0-87eb33d7a042393e76f7.js.map","1.44990cfafc43be6e7133.css","1-97778d6df977fb5ee04e.js","1-97778d6df977fb5ee04e.js.map","component---src-pages-docs-tsx-7944a8fdd51cc7fed1f4.js","component---src-pages-docs-tsx-7944a8fdd51cc7fed1f4.js.map"],"children":{},"childAssets":{}},"component---src-pages-index-tsx":{"chunks":[0,1,7],"assets":["0.714e789c58edc4d97d4f.css","0-87eb33d7a042393e76f7.js","0-87eb33d7a042393e76f7.js.map","1.44990cfafc43be6e7133.css","1-97778d6df977fb5ee04e.js","1-97778d6df977fb5ee04e.js.map","component---src-pages-index-tsx-54b6b15133ac56025e88.js","component---src-pages-index-tsx-54b6b15133ac56025e88.js.map"],"children":{},"childAssets":{}}},"assetsByChunkName":{"app":["webpack-runtime-c9700124212ef002840d.js","app-c0bf0b4b41b9c96aa29d.js"],"component---src-templates-doc-template-tsx":["0.714e789c58edc4d97d4f.css","0-87eb33d7a042393e76f7.js","2-9f47301a70b0c0f0511a.js","1.44990cfafc43be6e7133.css","1-97778d6df977fb5ee04e.js","3-f6354e0fe7800a7d20f3.js","component---src-templates-doc-template-tsx-71fe8907bc4c4106664e.js"],"component---src-templates-example-template-tsx":["0.714e789c58edc4d97d4f.css","0-87eb33d7a042393e76f7.js","2-9f47301a70b0c0f0511a.js","1.44990cfafc43be6e7133.css","1-97778d6df977fb5ee04e.js","3-f6354e0fe7800a7d20f3.js","component---src-templates-example-template-tsx-75f7cc11bf191cdee121.js"],"component---src-pages-404-tsx":["0.714e789c58edc4d97d4f.css","0-87eb33d7a042393e76f7.js","1.44990cfafc43be6e7133.css","1-97778d6df977fb5ee04e.js","component---src-pages-404-tsx-c503eebde7836f16f907.js"],"component---src-pages-docs-tsx":["0.714e789c58edc4d97d4f.css","0-87eb33d7a042393e76f7.js","1.44990cfafc43be6e7133.css","1-97778d6df977fb5ee04e.js","component---src-pages-docs-tsx-7944a8fdd51cc7fed1f4.js"],"component---src-pages-index-tsx":["0.714e789c58edc4d97d4f.css","0-87eb33d7a042393e76f7.js","1.44990cfafc43be6e7133.css","1-97778d6df977fb5ee04e.js","component---src-pages-index-tsx-54b6b15133ac56025e88.js"]}}