{"errors":[],"warnings":[],"namedChunkGroups":{"app":{"chunks":[25,2],"assets":["webpack-runtime-ca2362969dc2dd8264fd.js","webpack-runtime-ca2362969dc2dd8264fd.js.map","app-3abdd79d32a9076dfeab.js","app-3abdd79d32a9076dfeab.js.map"],"children":{},"childAssets":{}},"component---src-templates-doc-template-tsx":{"chunks":[0,1,23],"assets":["0.714e789c58edc4d97d4f.css","0-24154bd8142b3666b43d.js","0-24154bd8142b3666b43d.js.map","1.44990cfafc43be6e7133.css","1-6ff44b64d880b0ad2336.js","1-6ff44b64d880b0ad2336.js.map","component---src-templates-doc-template-tsx-57bddd61e04517122d1d.js","component---src-templates-doc-template-tsx-57bddd61e04517122d1d.js.map"],"children":{},"childAssets":{}},"component---src-templates-example-template-tsx":{"chunks":[0,1,24],"assets":["0.714e789c58edc4d97d4f.css","0-24154bd8142b3666b43d.js","0-24154bd8142b3666b43d.js.map","1.44990cfafc43be6e7133.css","1-6ff44b64d880b0ad2336.js","1-6ff44b64d880b0ad2336.js.map","component---src-templates-example-template-tsx-7478780b6a26fcc2cae0.js","component---src-templates-example-template-tsx-7478780b6a26fcc2cae0.js.map"],"children":{},"childAssets":{}},"component---src-pages-404-tsx":{"chunks":[0,1,3],"assets":["0.714e789c58edc4d97d4f.css","0-24154bd8142b3666b43d.js","0-24154bd8142b3666b43d.js.map","1.44990cfafc43be6e7133.css","1-6ff44b64d880b0ad2336.js","1-6ff44b64d880b0ad2336.js.map","component---src-pages-404-tsx-af1abceb90894607b6c6.js","component---src-pages-404-tsx-af1abceb90894607b6c6.js.map"],"children":{},"childAssets":{}},"component---src-pages-docs-tsx":{"chunks":[0,1,4],"assets":["0.714e789c58edc4d97d4f.css","0-24154bd8142b3666b43d.js","0-24154bd8142b3666b43d.js.map","1.44990cfafc43be6e7133.css","1-6ff44b64d880b0ad2336.js","1-6ff44b64d880b0ad2336.js.map","component---src-pages-docs-tsx-7b44a38251b0c5d3e490.js","component---src-pages-docs-tsx-7b44a38251b0c5d3e490.js.map"],"children":{},"childAssets":{}},"component---src-pages-examples-customize-drop-effects-tsx":{"chunks":[0,1,5],"assets":["0.714e789c58edc4d97d4f.css","0-24154bd8142b3666b43d.js","0-24154bd8142b3666b43d.js.map","1.44990cfafc43be6e7133.css","1-6ff44b64d880b0ad2336.js","1-6ff44b64d880b0ad2336.js.map","component---src-pages-examples-customize-drop-effects-tsx-e76cfa5fa6af9ef96b1a.js","component---src-pages-examples-customize-drop-effects-tsx-e76cfa5fa6af9ef96b1a.js.map"],"children":{},"childAssets":{}},"component---src-pages-examples-customize-handles-and-previews-tsx":{"chunks":[0,1,6],"assets":["0.714e789c58edc4d97d4f.css","0-24154bd8142b3666b43d.js","0-24154bd8142b3666b43d.js.map","1.44990cfafc43be6e7133.css","1-6ff44b64d880b0ad2336.js","1-6ff44b64d880b0ad2336.js.map","component---src-pages-examples-customize-handles-and-previews-tsx-fc83b5c9f5ad3c44167d.js","component---src-pages-examples-customize-handles-and-previews-tsx-fc83b5c9f5ad3c44167d.js.map"],"children":{},"childAssets":{}},"component---src-pages-examples-drag-around-custom-drag-layer-tsx":{"chunks":[0,1,7],"assets":["0.714e789c58edc4d97d4f.css","0-24154bd8142b3666b43d.js","0-24154bd8142b3666b43d.js.map","1.44990cfafc43be6e7133.css","1-6ff44b64d880b0ad2336.js","1-6ff44b64d880b0ad2336.js.map","component---src-pages-examples-drag-around-custom-drag-layer-tsx-de38be245564ce6fa308.js","component---src-pages-examples-drag-around-custom-drag-layer-tsx-de38be245564ce6fa308.js.map"],"children":{},"childAssets":{}},"component---src-pages-examples-drag-around-naive-tsx":{"chunks":[0,1,8],"assets":["0.714e789c58edc4d97d4f.css","0-24154bd8142b3666b43d.js","0-24154bd8142b3666b43d.js.map","1.44990cfafc43be6e7133.css","1-6ff44b64d880b0ad2336.js","1-6ff44b64d880b0ad2336.js.map","component---src-pages-examples-drag-around-naive-tsx-67ae7e49225f3e549e98.js","component---src-pages-examples-drag-around-naive-tsx-67ae7e49225f3e549e98.js.map"],"children":{},"childAssets":{}},"component---src-pages-examples-dustbin-copy-or-move-tsx":{"chunks":[0,1,9],"assets":["0.714e789c58edc4d97d4f.css","0-24154bd8142b3666b43d.js","0-24154bd8142b3666b43d.js.map","1.44990cfafc43be6e7133.css","1-6ff44b64d880b0ad2336.js","1-6ff44b64d880b0ad2336.js.map","component---src-pages-examples-dustbin-copy-or-move-tsx-653696ba4be518669e1e.js","component---src-pages-examples-dustbin-copy-or-move-tsx-653696ba4be518669e1e.js.map"],"children":{},"childAssets":{}},"component---src-pages-examples-dustbin-iframe-tsx":{"chunks":[0,1,10],"assets":["0.714e789c58edc4d97d4f.css","0-24154bd8142b3666b43d.js","0-24154bd8142b3666b43d.js.map","1.44990cfafc43be6e7133.css","1-6ff44b64d880b0ad2336.js","1-6ff44b64d880b0ad2336.js.map","component---src-pages-examples-dustbin-iframe-tsx-94dcb0876307fe5cc7a1.js","component---src-pages-examples-dustbin-iframe-tsx-94dcb0876307fe5cc7a1.js.map"],"children":{},"childAssets":{}},"component---src-pages-examples-dustbin-multiple-targets-tsx":{"chunks":[0,1,11],"assets":["0.714e789c58edc4d97d4f.css","0-24154bd8142b3666b43d.js","0-24154bd8142b3666b43d.js.map","1.44990cfafc43be6e7133.css","1-6ff44b64d880b0ad2336.js","1-6ff44b64d880b0ad2336.js.map","component---src-pages-examples-dustbin-multiple-targets-tsx-3f455bad22927f314f9c.js","component---src-pages-examples-dustbin-multiple-targets-tsx-3f455bad22927f314f9c.js.map"],"children":{},"childAssets":{}},"component---src-pages-examples-dustbin-single-target-tsx":{"chunks":[0,1,12],"assets":["0.714e789c58edc4d97d4f.css","0-24154bd8142b3666b43d.js","0-24154bd8142b3666b43d.js.map","1.44990cfafc43be6e7133.css","1-6ff44b64d880b0ad2336.js","1-6ff44b64d880b0ad2336.js.map","component---src-pages-examples-dustbin-single-target-tsx-4292610b5c71211c165a.js","component---src-pages-examples-dustbin-single-target-tsx-4292610b5c71211c165a.js.map"],"children":{},"childAssets":{}},"component---src-pages-examples-dustbin-stress-test-tsx":{"chunks":[0,1,13],"assets":["0.714e789c58edc4d97d4f.css","0-24154bd8142b3666b43d.js","0-24154bd8142b3666b43d.js.map","1.44990cfafc43be6e7133.css","1-6ff44b64d880b0ad2336.js","1-6ff44b64d880b0ad2336.js.map","component---src-pages-examples-dustbin-stress-test-tsx-ecc740432e4d3c04cadd.js","component---src-pages-examples-dustbin-stress-test-tsx-ecc740432e4d3c04cadd.js.map"],"children":{},"childAssets":{}},"component---src-pages-examples-dustbin-using-fcs-tsx":{"chunks":[0,1,14],"assets":["0.714e789c58edc4d97d4f.css","0-24154bd8142b3666b43d.js","0-24154bd8142b3666b43d.js.map","1.44990cfafc43be6e7133.css","1-6ff44b64d880b0ad2336.js","1-6ff44b64d880b0ad2336.js.map","component---src-pages-examples-dustbin-using-fcs-tsx-fdb11f442791b53b9290.js","component---src-pages-examples-dustbin-using-fcs-tsx-fdb11f442791b53b9290.js.map"],"children":{},"childAssets":{}},"component---src-pages-examples-nesting-drag-sources-tsx":{"chunks":[0,1,15],"assets":["0.714e789c58edc4d97d4f.css","0-24154bd8142b3666b43d.js","0-24154bd8142b3666b43d.js.map","1.44990cfafc43be6e7133.css","1-6ff44b64d880b0ad2336.js","1-6ff44b64d880b0ad2336.js.map","component---src-pages-examples-nesting-drag-sources-tsx-1d059ebc6bebf55e990f.js","component---src-pages-examples-nesting-drag-sources-tsx-1d059ebc6bebf55e990f.js.map"],"children":{},"childAssets":{}},"component---src-pages-examples-nesting-drop-targets-tsx":{"chunks":[0,1,16],"assets":["0.714e789c58edc4d97d4f.css","0-24154bd8142b3666b43d.js","0-24154bd8142b3666b43d.js.map","1.44990cfafc43be6e7133.css","1-6ff44b64d880b0ad2336.js","1-6ff44b64d880b0ad2336.js.map","component---src-pages-examples-nesting-drop-targets-tsx-523ff457fa18edf9171a.js","component---src-pages-examples-nesting-drop-targets-tsx-523ff457fa18edf9171a.js.map"],"children":{},"childAssets":{}},"component---src-pages-examples-other-native-files-tsx":{"chunks":[0,1,17],"assets":["0.714e789c58edc4d97d4f.css","0-24154bd8142b3666b43d.js","0-24154bd8142b3666b43d.js.map","1.44990cfafc43be6e7133.css","1-6ff44b64d880b0ad2336.js","1-6ff44b64d880b0ad2336.js.map","component---src-pages-examples-other-native-files-tsx-c27773f33da64ae143a4.js","component---src-pages-examples-other-native-files-tsx-c27773f33da64ae143a4.js.map"],"children":{},"childAssets":{}},