{"errors":[],"warnings":[],"namedChunkGroups":{"app":{"chunks":[10,4],"assets":["webpack-runtime-6822cc7122c5b12811c7.js","webpack-runtime-6822cc7122c5b12811c7.js.map","app-8547a19fec373c940200.js","app-8547a19fec373c940200.js.map"],"children":{},"childAssets":{}},"component---src-templates-doc-template-tsx":{"chunks":[0,2,1,3,8],"assets":["0.714e789c58edc4d97d4f.css","0-107406211aa682aa8e46.js","0-107406211aa682aa8e46.js.map","2-241ff6a89c9ba911c9ca.js","2-241ff6a89c9ba911c9ca.js.map","1.44990cfafc43be6e7133.css","1-4558118a484ccfc4acf4.js","1-4558118a484ccfc4acf4.js.map","3-758d21deac7d07b0a3a0.js","3-758d21deac7d07b0a3a0.js.map","component---src-templates-doc-template-tsx-f9674e4ee8ecc4e7aa2e.js","component---src-templates-doc-template-tsx-f9674e4ee8ecc4e7aa2e.js.map"],"children":{},"childAssets":{}},"component---src-templates-example-template-tsx":{"chunks":[0,2,1,3,9],"assets":["0.714e789c58edc4d97d4f.css","0-107406211aa682aa8e46.js","0-107406211aa682aa8e46.js.map","2-241ff6a89c9ba911c9ca.js","2-241ff6a89c9ba911c9ca.js.map","1.44990cfafc43be6e7133.css","1-4558118a484ccfc4acf4.js","1-4558118a484ccfc4acf4.js.map","3-758d21deac7d07b0a3a0.js","3-758d21deac7d07b0a3a0.js.map","component---src-templates-example-template-tsx-ffb45b98b5147ccbb680.js","component---src-templates-example-template-tsx-ffb45b98b5147ccbb680.js.map"],"children":{},"childAssets":{}},"component---src-pages-404-tsx":{"chunks":[0,1,5],"assets":["0.714e789c58edc4d97d4f.css","0-107406211aa682aa8e46.js","0-107406211aa682aa8e46.js.map","1.44990cfafc43be6e7133.css","1-4558118a484ccfc4acf4.js","1-4558118a484ccfc4acf4.js.map","component---src-pages-404-tsx-b57fb6202b284661a5a0.js","component---src-pages-404-tsx-b57fb6202b284661a5a0.js.map"],"children":{},"childAssets":{}},"component---src-pages-docs-tsx":{"chunks":[0,1,6],"assets":["0.714e789c58edc4d97d4f.css","0-107406211aa682aa8e46.js","0-107406211aa682aa8e46.js.map","1.44990cfafc43be6e7133.css","1-4558118a484ccfc4acf4.js","1-4558118a484ccfc4acf4.js.map","component---src-pages-docs-tsx-c5e27a7ec00defe7d83c.js","component---src-pages-docs-tsx-c5e27a7ec00defe7d83c.js.map"],"children":{},"childAssets":{}},"component---src-pages-index-tsx":{"chunks":[0,1,7],"assets":["0.714e789c58edc4d97d4f.css","0-107406211aa682aa8e46.js","0-107406211aa682aa8e46.js.map","1.44990cfafc43be6e7133.css","1-4558118a484ccfc4acf4.js","1-4558118a484ccfc4acf4.js.map","component---src-pages-index-tsx-216b5ff7cbd970552196.js","component---src-pages-index-tsx-216b5ff7cbd970552196.js.map"],"children":{},"childAssets":{}}},"assetsByChunkName":{"app":["webpack-runtime-6822cc7122c5b12811c7.js","app-8547a19fec373c940200.js"],"component---src-templates-doc-template-tsx":["0.714e789c58edc4d97d4f.css","0-107406211aa682aa8e46.js","2-241ff6a89c9ba911c9ca.js","1.44990cfafc43be6e7133.css","1-4558118a484ccfc4acf4.js","3-758d21deac7d07b0a3a0.js","component---src-templates-doc-template-tsx-f9674e4ee8ecc4e7aa2e.js"],"component---src-templates-example-template-tsx":["0.714e789c58edc4d97d4f.css","0-107406211aa682aa8e46.js","2-241ff6a89c9ba911c9ca.js","1.44990cfafc43be6e7133.css","1-4558118a484ccfc4acf4.js","3-758d21deac7d07b0a3a0.js","component---src-templates-example-template-tsx-ffb45b98b5147ccbb680.js"],"component---src-pages-404-tsx":["0.714e789c58edc4d97d4f.css","0-107406211aa682aa8e46.js","1.44990cfafc43be6e7133.css","1-4558118a484ccfc4acf4.js","component---src-pages-404-tsx-b57fb6202b284661a5a0.js"],"component---src-pages-docs-tsx":["0.714e789c58edc4d97d4f.css","0-107406211aa682aa8e46.js","1.44990cfafc43be6e7133.css","1-4558118a484ccfc4acf4.js","component---src-pages-docs-tsx-c5e27a7ec00defe7d83c.js"],"component---src-pages-index-tsx":["0.714e789c58edc4d97d4f.css","0-107406211aa682aa8e46.js","1.44990cfafc43be6e7133.css","1-4558118a484ccfc4acf4.js","component---src-pages-index-tsx-216b5ff7cbd970552196.js"]}}